<?xml version="1.0" encoding="UTF-8"?>
<objects serializationModel="Studio.01.09.00">
    <object class="EncodingSetting" id="{98206285-9b03-45db-a981-abb959ee9714}">
        <property name="encodingFormat">
            <value>3</value>
        </property>
        <property name="quality">
            <value>37</value>
        </property>
        <relationship name="platform">
            <destination>{84c0a364-b5cd-4065-a124-fd6f797a80c7}</destination>
        </relationship>
        <relationship name="encodable">
            <destination>{84c0a364-b5cd-4065-a124-fd6f797a80c7}</destination>
        </relationship>
    </object>
</objects>
