<?xml version="1.0" encoding="UTF-8"?>
<objects serializationModel="Studio.01.09.00">
    <object class="AudioFile" id="{0308fadd-e32b-47c7-9b3e-462ea0bf6ca2}">
        <property name="assetPath">
            <value>ZedBig_scream.wav</value>
        </property>
        <property name="frequencyInKHz">
            <value>48</value>
        </property>
        <property name="channelCount">
            <value>2</value>
        </property>
        <property name="length">
            <value>4.1180416666666666</value>
        </property>
        <relationship name="masterAssetFolder">
            <destination>{e4ffd6d3-4d02-406c-a97a-1b12c095e1f9}</destination>
        </relationship>
    </object>
</objects>
