<?xml version="1.0" encoding="UTF-8"?>
<objects serializationModel="Studio.01.09.00">
    <object class="AudioFile" id="{4dd9cfcb-22ed-4ca6-931b-534bc42c9f73}">
        <property name="assetPath">
            <value>HZVO_Ouch2-St_1.wav</value>
        </property>
        <property name="frequencyInKHz">
            <value>44.0999985</value>
        </property>
        <property name="channelCount">
            <value>2</value>
        </property>
        <property name="length">
            <value>1.0143537414965986</value>
        </property>
        <relationship name="masterAssetFolder">
            <destination>{e4ffd6d3-4d02-406c-a97a-1b12c095e1f9}</destination>
        </relationship>
    </object>
</objects>
