<?xml version="1.0" encoding="UTF-8"?>
<objects serializationModel="Studio.01.09.00">
    <object class="AudioFile" id="{c42840bb-9d96-4a06-83f8-295288791b36}">
        <property name="assetPath">
            <value>bike_thump_1.wav</value>
        </property>
        <property name="frequencyInKHz">
            <value>48</value>
        </property>
        <property name="channelCount">
            <value>2</value>
        </property>
        <property name="length">
            <value>1.6316666666666666</value>
        </property>
        <relationship name="masterAssetFolder">
            <destination>{e4ffd6d3-4d02-406c-a97a-1b12c095e1f9}</destination>
        </relationship>
    </object>
</objects>
