<?xml version="1.0" encoding="UTF-8"?>
<objects serializationModel="Studio.01.09.00">
    <object class="Event" id="{07260bf3-2fb1-4d97-955b-559cf255ca5d}">
        <property name="name">
            <value>VO</value>
        </property>
        <property name="outputFormat">
            <value>1</value>
        </property>
        <relationship name="folder">
            <destination>{7c788fc6-a220-4ff9-bebc-bfdfd4051398}</destination>
        </relationship>
        <relationship name="mixer">
            <destination>{47f35b3f-1275-4586-952a-77111b632ecb}</destination>
        </relationship>
        <relationship name="masterTrack">
            <destination>{09928d5b-a42f-4740-8a5b-387f690eb490}</destination>
        </relationship>
        <relationship name="mixerInput">
            <destination>{db03d71e-8834-4c0d-86b3-88ef8f9767b2}</destination>
        </relationship>
        <relationship name="automatableProperties">
            <destination>{c7397a7c-cd27-48bc-b913-cde841efcf44}</destination>
        </relationship>
        <relationship name="markerTracks">
            <destination>{c768c166-ad9e-45c5-8e8d-2b342cc6bba9}</destination>
        </relationship>
        <relationship name="groupTracks">
            <destination>{12ed1a21-6ee5-4c12-bf73-0c4739924019}</destination>
            <destination>{c2d41706-fcd4-4960-ae1f-fbc29233ba27}</destination>
        </relationship>
        <relationship name="timeline">
            <destination>{ad387e73-e830-4a35-988b-899922e51982}</destination>
        </relationship>
        <relationship name="parameters">
            <destination>{3f1260a3-b091-452e-a67b-2ebf13ac1b0d}</destination>
        </relationship>
        <relationship name="banks">
            <destination>{5f213240-fb41-42d3-a199-88b660df531a}</destination>
        </relationship>
    </object>
    <object class="EventMixer" id="{47f35b3f-1275-4586-952a-77111b632ecb}">
        <relationship name="masterBus">
            <destination>{348f1d48-f296-424c-9c20-4729670b0cdd}</destination>
        </relationship>
    </object>
    <object class="MasterTrack" id="{09928d5b-a42f-4740-8a5b-387f690eb490}">
        <relationship name="mixerGroup">
            <destination>{348f1d48-f296-424c-9c20-4729670b0cdd}</destination>
        </relationship>
    </object>
    <object class="MixerInput" id="{db03d71e-8834-4c0d-86b3-88ef8f9767b2}">
        <relationship name="effectChain">
            <destination>{9fcdd16a-c7e3-4c43-a4fb-9e1f50162e7f}</destination>
        </relationship>
        <relationship name="panner">
            <destination>{383fab06-a5b4-4710-80a7-0cc87c03773f}</destination>
        </relationship>
        <relationship name="output">
            <destination>{8c2076ba-8876-496f-a681-f0e731c776e0}</destination>
        </relationship>
    </object>
    <object class="EventAutomatableProperties" id="{c7397a7c-cd27-48bc-b913-cde841efcf44}"/>
    <object class="MarkerTrack" id="{c768c166-ad9e-45c5-8e8d-2b342cc6bba9}"/>
    <object class="GroupTrack" id="{12ed1a21-6ee5-4c12-bf73-0c4739924019}">
        <relationship name="automationTracks">
            <destination>{3dbab6e8-b13c-4efd-9a79-72492ec5e186}</destination>
        </relationship>
        <relationship name="modules">
            <destination>{2979d51c-1284-4ee0-8558-0a6f1c4b98f2}</destination>
        </relationship>
        <relationship name="mixerGroup">
            <destination>{330ae15e-c11a-49d4-8ff9-f1c732c1b7da}</destination>
        </relationship>
    </object>
    <object class="GroupTrack" id="{c2d41706-fcd4-4960-ae1f-fbc29233ba27}">
        <relationship name="automationTracks">
            <destination>{656bc0cc-ed78-4733-b6f0-dea8505f082c}</destination>
        </relationship>
        <relationship name="modules">
            <destination>{46a0e4ff-f2ca-46ba-854a-2ac9a2a092c4}</destination>
        </relationship>
        <relationship name="mixerGroup">
            <destination>{96fff42c-e670-405e-a23b-86d3478ea4ce}</destination>
        </relationship>
    </object>
    <object class="Timeline" id="{ad387e73-e830-4a35-988b-899922e51982}">
        <relationship name="modules">
            <destination>{46a0e4ff-f2ca-46ba-854a-2ac9a2a092c4}</destination>
            <destination>{2979d51c-1284-4ee0-8558-0a6f1c4b98f2}</destination>
        </relationship>
    </object>
    <object class="GameParameter" id="{3f1260a3-b091-452e-a67b-2ebf13ac1b0d}">
        <property name="name">
            <value>Parameter 1</value>
        </property>
        <property name="maximum">
            <value>2</value>
        </property>
        <relationship name="automationCurves">
            <destination>{5c7ff8e5-c987-40fd-ab9a-31de468ba065}</destination>
            <destination>{4135f287-af89-4237-a896-d05c4f753a59}</destination>
        </relationship>
    </object>
    <object class="EventMixerMaster" id="{348f1d48-f296-424c-9c20-4729670b0cdd}">
        <relationship name="effectChain">
            <destination>{0912b43a-ba68-43ba-94e3-c567d853f8b0}</destination>
        </relationship>
        <relationship name="panner">
            <destination>{759b5a68-4fa4-4c00-ad68-d0ce3e1ecfdb}</destination>
        </relationship>
        <relationship name="mixer">
            <destination>{47f35b3f-1275-4586-952a-77111b632ecb}</destination>
        </relationship>
    </object>
    <object class="MixerBusEffectChain" id="{9fcdd16a-c7e3-4c43-a4fb-9e1f50162e7f}">
        <relationship name="effects">
            <destination>{78f418be-5087-426c-b563-18d9beec1033}</destination>
        </relationship>
    </object>
    <object class="MixerBusPanner" id="{383fab06-a5b4-4710-80a7-0cc87c03773f}"/>
    <object class="AutomationTrack" id="{3dbab6e8-b13c-4efd-9a79-72492ec5e186}">
        <property name="nameOfPropertyBeingAutomated">
            <value>volume</value>
        </property>
        <relationship name="automationCurves">
            <destination>{5c7ff8e5-c987-40fd-ab9a-31de468ba065}</destination>
        </relationship>
        <relationship name="objectBeingAutomated">
            <destination>{330ae15e-c11a-49d4-8ff9-f1c732c1b7da}</destination>
        </relationship>
    </object>
    <object class="SingleSound" id="{2979d51c-1284-4ee0-8558-0a6f1c4b98f2}">
        <property name="length">
            <value>0.69659863945578226</value>
        </property>
        <relationship name="audioFile">
            <destination>{417003f6-47ef-4c6d-a70b-ef467a0dd880}</destination>
        </relationship>
    </object>
    <object class="EventMixerGroup" id="{330ae15e-c11a-49d4-8ff9-f1c732c1b7da}">
        <property name="name">
            <value>Female</value>
        </property>
        <relationship name="effectChain">
            <destination>{3f04037f-9880-4b52-a8d6-c280ab443430}</destination>
        </relationship>
        <relationship name="panner">
            <destination>{05698db6-a882-4cf1-9603-08dfe07c4cde}</destination>
        </relationship>
        <relationship name="output">
            <destination>{348f1d48-f296-424c-9c20-4729670b0cdd}</destination>
        </relationship>
    </object>
    <object class="AutomationTrack" id="{656bc0cc-ed78-4733-b6f0-dea8505f082c}">
        <property name="nameOfPropertyBeingAutomated">
            <value>volume</value>
        </property>
        <relationship name="automationCurves">
            <destination>{4135f287-af89-4237-a896-d05c4f753a59}</destination>
        </relationship>
        <relationship name="objectBeingAutomated">
            <destination>{96fff42c-e670-405e-a23b-86d3478ea4ce}</destination>
        </relationship>
    </object>
    <object class="SingleSound" id="{46a0e4ff-f2ca-46ba-854a-2ac9a2a092c4}">
        <property name="length">
            <value>1.0143537414965986</value>
        </property>
        <relationship name="audioFile">
            <destination>{e99c9425-c64d-4c01-a5d2-dcec7a6b6ebd}</destination>
        </relationship>
    </object>
    <object class="EventMixerGroup" id="{96fff42c-e670-405e-a23b-86d3478ea4ce}">
        <property name="name">
            <value>Male</value>
        </property>
        <relationship name="effectChain">
            <destination>{3ac7b28c-a363-4827-8ee8-ff6df750017b}</destination>
        </relationship>
        <relationship name="panner">
            <destination>{9535cfcb-a9e0-4d93-a6e2-0ac82bd1e959}</destination>
        </relationship>
        <relationship name="output">
            <destination>{348f1d48-f296-424c-9c20-4729670b0cdd}</destination>
        </relationship>
    </object>
    <object class="AutomationCurve" id="{5c7ff8e5-c987-40fd-ab9a-31de468ba065}">
        <relationship name="automationPoints">
            <destination>{04e4e6ab-2308-453a-81e5-24cee7d0e1de}</destination>
            <destination>{9c06b4aa-c124-4c9f-9a71-4a8a23aa338a}</destination>
            <destination>{f807b7f8-692e-4254-b0c0-970b127071cf}</destination>
        </relationship>
    </object>
    <object class="AutomationCurve" id="{4135f287-af89-4237-a896-d05c4f753a59}">
        <relationship name="automationPoints">
            <destination>{0fa9fb8e-829e-4f02-97eb-299e201e64c2}</destination>
            <destination>{8c73852e-3761-48df-8163-a96d013d6a5c}</destination>
        </relationship>
    </object>
    <object class="MixerBusEffectChain" id="{0912b43a-ba68-43ba-94e3-c567d853f8b0}">
        <relationship name="effects">
            <destination>{41aae593-305f-44bc-a4ea-6fb0316980df}</destination>
        </relationship>
    </object>
    <object class="MixerBusPanner" id="{759b5a68-4fa4-4c00-ad68-d0ce3e1ecfdb}"/>
    <object class="MixerBusFader" id="{78f418be-5087-426c-b563-18d9beec1033}"/>
    <object class="MixerBusEffectChain" id="{3f04037f-9880-4b52-a8d6-c280ab443430}">
        <relationship name="effects">
            <destination>{d5bc7170-0463-4348-bf02-390e6682dca6}</destination>
        </relationship>
    </object>
    <object class="MixerBusPanner" id="{05698db6-a882-4cf1-9603-08dfe07c4cde}"/>
    <object class="MixerBusEffectChain" id="{3ac7b28c-a363-4827-8ee8-ff6df750017b}">
        <relationship name="effects">
            <destination>{430d57d2-5f49-4b57-a4d5-75261d5caa19}</destination>
        </relationship>
    </object>
    <object class="MixerBusPanner" id="{9535cfcb-a9e0-4d93-a6e2-0ac82bd1e959}"/>
    <object class="AutomationPoint" id="{04e4e6ab-2308-453a-81e5-24cee7d0e1de}">
        <property name="position">
            <value>0.9991796554552913</value>
        </property>
        <property name="value">
            <value>0</value>
        </property>
        <property name="curveShape">
            <value>0.0441615395</value>
        </property>
    </object>
    <object class="AutomationPoint" id="{9c06b4aa-c124-4c9f-9a71-4a8a23aa338a}">
        <property name="position">
            <value>2</value>
        </property>
        <property name="value">
            <value>-80</value>
        </property>
    </object>
    <object class="AutomationPoint" id="{f807b7f8-692e-4254-b0c0-970b127071cf}">
        <property name="position">
            <value>0.99920048878862466</value>
        </property>
        <property name="value">
            <value>-80</value>
        </property>
    </object>
    <object class="AutomationPoint" id="{0fa9fb8e-829e-4f02-97eb-299e201e64c2}">
        <property name="position">
            <value>0.99915882212195795</value>
        </property>
        <property name="value">
            <value>-80</value>
        </property>
    </object>
    <object class="AutomationPoint" id="{8c73852e-3761-48df-8163-a96d013d6a5c}">
        <property name="position">
            <value>0.9991796554552913</value>
        </property>
        <property name="value">
            <value>0</value>
        </property>
    </object>
    <object class="MixerBusFader" id="{41aae593-305f-44bc-a4ea-6fb0316980df}"/>
    <object class="MixerBusFader" id="{d5bc7170-0463-4348-bf02-390e6682dca6}"/>
    <object class="MixerBusFader" id="{430d57d2-5f49-4b57-a4d5-75261d5caa19}"/>
</objects>
