<?xml version="1.0" encoding="UTF-8"?>
<objects serializationModel="Studio.01.09.00">
    <object class="Event" id="{826d4388-abc1-4bc4-aa7c-bb043a3dbbd5}">
        <property name="name">
            <value>Zombience</value>
        </property>
        <property name="outputFormat">
            <value>2</value>
        </property>
        <relationship name="folder">
            <destination>{7c788fc6-a220-4ff9-bebc-bfdfd4051398}</destination>
        </relationship>
        <relationship name="mixer">
            <destination>{5229169a-2306-4033-bb81-da84a8496dc6}</destination>
        </relationship>
        <relationship name="masterTrack">
            <destination>{2313aa38-1b11-4fb8-9cca-4de557ae7c0a}</destination>
        </relationship>
        <relationship name="mixerInput">
            <destination>{8ea0d056-c1a9-471b-8d0a-f92a8d67e8e6}</destination>
        </relationship>
        <relationship name="automatableProperties">
            <destination>{9f514060-7035-4360-9cde-8ebc30ea8cb8}</destination>
        </relationship>
        <relationship name="markerTracks">
            <destination>{04539e8b-38bf-4c42-9117-dfb2abdde2ed}</destination>
        </relationship>
        <relationship name="groupTracks">
            <destination>{07ccf42d-ae40-4744-a214-98fce494a3ad}</destination>
        </relationship>
        <relationship name="timeline">
            <destination>{aad2f9f6-9681-40cc-8dad-231f744cdb46}</destination>
        </relationship>
        <relationship name="banks">
            <destination>{5f213240-fb41-42d3-a199-88b660df531a}</destination>
        </relationship>
    </object>
    <object class="EventMixer" id="{5229169a-2306-4033-bb81-da84a8496dc6}">
        <relationship name="masterBus">
            <destination>{395036a6-1b26-46cf-9664-70ceea55a6ab}</destination>
        </relationship>
    </object>
    <object class="MasterTrack" id="{2313aa38-1b11-4fb8-9cca-4de557ae7c0a}">
        <relationship name="mixerGroup">
            <destination>{395036a6-1b26-46cf-9664-70ceea55a6ab}</destination>
        </relationship>
    </object>
    <object class="MixerInput" id="{8ea0d056-c1a9-471b-8d0a-f92a8d67e8e6}">
        <relationship name="effectChain">
            <destination>{ff9003a6-2718-46e7-ba24-7a65efab45d6}</destination>
        </relationship>
        <relationship name="panner">
            <destination>{bc25ed52-c780-4e74-a6bc-347ec445642a}</destination>
        </relationship>
        <relationship name="output">
            <destination>{8c2076ba-8876-496f-a681-f0e731c776e0}</destination>
        </relationship>
    </object>
    <object class="EventAutomatableProperties" id="{9f514060-7035-4360-9cde-8ebc30ea8cb8}"/>
    <object class="MarkerTrack" id="{04539e8b-38bf-4c42-9117-dfb2abdde2ed}"/>
    <object class="GroupTrack" id="{07ccf42d-ae40-4744-a214-98fce494a3ad}">
        <relationship name="automationTracks">
            <destination>{61a86524-9a7c-4c90-b9a6-7d410c9675f6}</destination>
            <destination>{0d571368-2cb3-4396-8b3d-83569c36f083}</destination>
        </relationship>
        <relationship name="modules">
            <destination>{649c0d88-cb51-4763-bb5c-2bca8020f6f6}</destination>
        </relationship>
        <relationship name="mixerGroup">
            <destination>{b12ca57a-42a9-4ed5-a5f9-48e5fa3db41d}</destination>
        </relationship>
    </object>
    <object class="Timeline" id="{aad2f9f6-9681-40cc-8dad-231f744cdb46}">
        <relationship name="modules">
            <destination>{649c0d88-cb51-4763-bb5c-2bca8020f6f6}</destination>
        </relationship>
        <relationship name="markers">
            <destination>{a12b1f53-a95e-49f4-9bb6-fb0287e029a7}</destination>
        </relationship>
    </object>
    <object class="EventMixerMaster" id="{395036a6-1b26-46cf-9664-70ceea55a6ab}">
        <relationship name="effectChain">
            <destination>{a14384e7-7f85-4432-8109-fcb6f874aab4}</destination>
        </relationship>
        <relationship name="panner">
            <destination>{49117273-1836-4008-92e1-701851a02569}</destination>
        </relationship>
        <relationship name="mixer">
            <destination>{5229169a-2306-4033-bb81-da84a8496dc6}</destination>
        </relationship>
    </object>
    <object class="MixerBusEffectChain" id="{ff9003a6-2718-46e7-ba24-7a65efab45d6}">
        <relationship name="effects">
            <destination>{1fc63e5a-4dab-4092-802b-58f9d7fe5b19}</destination>
        </relationship>
    </object>
    <object class="MixerBusPanner" id="{bc25ed52-c780-4e74-a6bc-347ec445642a}"/>
    <object class="AutomationTrack" id="{61a86524-9a7c-4c90-b9a6-7d410c9675f6}">
        <property name="nameOfPropertyBeingAutomated">
            <value>pitch</value>
        </property>
        <relationship name="objectBeingAutomated">
            <destination>{649c0d88-cb51-4763-bb5c-2bca8020f6f6}</destination>
        </relationship>
    </object>
    <object class="AutomationTrack" id="{0d571368-2cb3-4396-8b3d-83569c36f083}">
        <property name="nameOfPropertyBeingAutomated">
            <value>volume</value>
        </property>
        <relationship name="objectBeingAutomated">
            <destination>{649c0d88-cb51-4763-bb5c-2bca8020f6f6}</destination>
        </relationship>
    </object>
    <object class="SoundScatterer" id="{649c0d88-cb51-4763-bb5c-2bca8020f6f6}">
        <property name="length">
            <value>2.8000000000000003</value>
        </property>
        <property name="minimumTimeBetweenSounds">
            <value>450</value>
        </property>
        <property name="minimumScatterDistance">
            <value>40.5</value>
        </property>
        <property name="maximumScatterDistance">
            <value>2000</value>
        </property>
        <relationship name="modulators">
            <destination>{57d2ea43-6c84-4c45-9046-4e945449d726}</destination>
            <destination>{8928afef-0406-4ab6-a541-bc9ba0099d60}</destination>
        </relationship>
        <relationship name="sound">
            <destination>{17aa2016-05da-4a33-909c-314cfca9fb1b}</destination>
        </relationship>
    </object>
    <object class="EventMixerGroup" id="{b12ca57a-42a9-4ed5-a5f9-48e5fa3db41d}">
        <property name="name">
            <value>Audio 1</value>
        </property>
        <relationship name="effectChain">
            <destination>{b839b3d3-f3a0-431c-a46c-d394b37113aa}</destination>
        </relationship>
        <relationship name="panner">
            <destination>{b66f91cb-983d-4378-8e88-4550acbf2fb0}</destination>
        </relationship>
        <relationship name="output">
            <destination>{395036a6-1b26-46cf-9664-70ceea55a6ab}</destination>
        </relationship>
    </object>
    <object class="LoopRegion" id="{a12b1f53-a95e-49f4-9bb6-fb0287e029a7}">
        <property name="position">
            <value>0</value>
        </property>
        <property name="length">
            <value>2.8000000000000003</value>
        </property>
        <relationship name="timeline">
            <destination>{aad2f9f6-9681-40cc-8dad-231f744cdb46}</destination>
        </relationship>
        <relationship name="markerTrack">
            <destination>{04539e8b-38bf-4c42-9117-dfb2abdde2ed}</destination>
        </relationship>
    </object>
    <object class="MixerBusEffectChain" id="{a14384e7-7f85-4432-8109-fcb6f874aab4}">
        <relationship name="effects">
            <destination>{5b6015d4-54c4-4fd1-9873-04523dde6e9f}</destination>
        </relationship>
    </object>
    <object class="MixerBusPanner" id="{49117273-1836-4008-92e1-701851a02569}"/>
    <object class="MixerBusFader" id="{1fc63e5a-4dab-4092-802b-58f9d7fe5b19}"/>
    <object class="RandomizerModulator" id="{57d2ea43-6c84-4c45-9046-4e945449d726}">
        <property name="nameOfPropertyBeingModulated">
            <value>pitch</value>
        </property>
        <property name="amount">
            <value>50.5</value>
        </property>
    </object>
    <object class="RandomizerModulator" id="{8928afef-0406-4ab6-a541-bc9ba0099d60}">
        <property name="nameOfPropertyBeingModulated">
            <value>volume</value>
        </property>
        <property name="amount">
            <value>16.3999996</value>
        </property>
    </object>
    <object class="MultiSound" id="{17aa2016-05da-4a33-909c-314cfca9fb1b}">
        <relationship name="sounds">
            <destination>{166908a4-cd66-4781-8f32-eb1dbe732fd5}</destination>
            <destination>{f9b668a7-12a0-44d2-9114-8d39c4127427}</destination>
            <destination>{5bccc2c1-bd42-4f1d-815c-a8075f9506b0}</destination>
            <destination>{21bb270c-9994-4dbb-a0bc-6aca53d7b88c}</destination>
            <destination>{114e0aa6-2016-4333-a806-9d7e352a620a}</destination>
        </relationship>
    </object>
    <object class="MixerBusEffectChain" id="{b839b3d3-f3a0-431c-a46c-d394b37113aa}">
        <relationship name="effects">
            <destination>{a1131364-2d0a-46bb-9b26-b1c64118f7f5}</destination>
        </relationship>
    </object>
    <object class="MixerBusPanner" id="{b66f91cb-983d-4378-8e88-4550acbf2fb0}"/>
    <object class="MixerBusFader" id="{5b6015d4-54c4-4fd1-9873-04523dde6e9f}"/>
    <object class="SingleSound" id="{166908a4-cd66-4781-8f32-eb1dbe732fd5}">
        <relationship name="audioFile">
            <destination>{7e74d7a2-e529-4729-b51e-327dcfdd5dcf}</destination>
        </relationship>
    </object>
    <object class="SingleSound" id="{f9b668a7-12a0-44d2-9114-8d39c4127427}">
        <relationship name="audioFile">
            <destination>{15020019-2bc7-4f9a-9f5a-234d3249db3e}</destination>
        </relationship>
    </object>
    <object class="SingleSound" id="{5bccc2c1-bd42-4f1d-815c-a8075f9506b0}">
        <relationship name="audioFile">
            <destination>{0308fadd-e32b-47c7-9b3e-462ea0bf6ca2}</destination>
        </relationship>
    </object>
    <object class="SingleSound" id="{21bb270c-9994-4dbb-a0bc-6aca53d7b88c}">
        <relationship name="audioFile">
            <destination>{22edc7c8-e309-4ee6-ba45-2af3917c6e9a}</destination>
        </relationship>
    </object>
    <object class="SingleSound" id="{114e0aa6-2016-4333-a806-9d7e352a620a}">
        <relationship name="audioFile">
            <destination>{9b49c0f6-52a5-4e58-b266-e7072028b01d}</destination>
        </relationship>
    </object>
    <object class="MixerBusFader" id="{a1131364-2d0a-46bb-9b26-b1c64118f7f5}"/>
</objects>
