<?xml version="1.0" encoding="UTF-8"?>
<objects serializationModel="Studio.01.09.00">
    <object class="Event" id="{bc29e31f-c847-4bfa-85bc-ba7982cc6140}">
        <property name="name">
            <value>Damage</value>
        </property>
        <property name="outputFormat">
            <value>1</value>
        </property>
        <relationship name="folder">
            <destination>{7c788fc6-a220-4ff9-bebc-bfdfd4051398}</destination>
        </relationship>
        <relationship name="mixer">
            <destination>{400ae57f-743a-44ad-9799-e6e2d5299e4f}</destination>
        </relationship>
        <relationship name="masterTrack">
            <destination>{47a108bf-15b1-4996-842c-df17dc166561}</destination>
        </relationship>
        <relationship name="mixerInput">
            <destination>{63720858-5487-4340-b54d-d90e80392d70}</destination>
        </relationship>
        <relationship name="automatableProperties">
            <destination>{c2fe3d36-aab8-4118-885b-e5dc9eaf50c1}</destination>
        </relationship>
        <relationship name="markerTracks">
            <destination>{9d6abd95-4125-4f52-a86e-329bcf6feb6b}</destination>
            <destination>{6e1bc194-645b-4992-ab79-c7342574c471}</destination>
            <destination>{f8008278-d9e8-4093-864f-7e635894753e}</destination>
            <destination>{dec62a90-6c0a-4456-bfd3-477f68b05374}</destination>
        </relationship>
        <relationship name="groupTracks">
            <destination>{9d0d8c80-f42f-4bda-afeb-ea610c22ba48}</destination>
            <destination>{b67aac11-2e21-4318-a08f-1590e1c1ae8b}</destination>
            <destination>{3b201f0f-86f6-4797-96ce-92fc6619bbc6}</destination>
            <destination>{6b05a2f1-0985-4173-9e49-7c64e828d2f9}</destination>
        </relationship>
        <relationship name="timeline">
            <destination>{b3ed9c68-d0dd-43f9-86f2-df0d73fea652}</destination>
        </relationship>
        <relationship name="parameters">
            <destination>{3b237aa2-1c49-4339-8e43-44c539ff6834}</destination>
            <destination>{70408dd7-5fb3-4558-95f7-869894cb94ca}</destination>
        </relationship>
        <relationship name="banks">
            <destination>{5f213240-fb41-42d3-a199-88b660df531a}</destination>
        </relationship>
    </object>
    <object class="EventMixer" id="{400ae57f-743a-44ad-9799-e6e2d5299e4f}">
        <relationship name="masterBus">
            <destination>{9421c760-67c6-49e4-a7cd-7492b9d24780}</destination>
        </relationship>
    </object>
    <object class="MasterTrack" id="{47a108bf-15b1-4996-842c-df17dc166561}">
        <relationship name="mixerGroup">
            <destination>{9421c760-67c6-49e4-a7cd-7492b9d24780}</destination>
        </relationship>
    </object>
    <object class="MixerInput" id="{63720858-5487-4340-b54d-d90e80392d70}">
        <relationship name="effectChain">
            <destination>{4baa0385-0d95-4f51-a354-64c87ce7922f}</destination>
        </relationship>
        <relationship name="panner">
            <destination>{014d2a9f-467d-44f2-8a40-75b31a88f39b}</destination>
        </relationship>
        <relationship name="output">
            <destination>{8c2076ba-8876-496f-a681-f0e731c776e0}</destination>
        </relationship>
    </object>
    <object class="EventAutomatableProperties" id="{c2fe3d36-aab8-4118-885b-e5dc9eaf50c1}"/>
    <object class="MarkerTrack" id="{9d6abd95-4125-4f52-a86e-329bcf6feb6b}"/>
    <object class="MarkerTrack" id="{6e1bc194-645b-4992-ab79-c7342574c471}"/>
    <object class="MarkerTrack" id="{f8008278-d9e8-4093-864f-7e635894753e}"/>
    <object class="MarkerTrack" id="{dec62a90-6c0a-4456-bfd3-477f68b05374}"/>
    <object class="GroupTrack" id="{9d0d8c80-f42f-4bda-afeb-ea610c22ba48}">
        <relationship name="automationTracks">
            <destination>{1232bedc-27d5-4f8f-9864-2d025615f666}</destination>
        </relationship>
        <relationship name="modules">
            <destination>{dbd8b23f-32ab-491e-828c-9561ecf60fd6}</destination>
        </relationship>
        <relationship name="mixerGroup">
            <destination>{dd7213df-f095-4fa0-986d-107ce5d58d71}</destination>
        </relationship>
    </object>
    <object class="GroupTrack" id="{b67aac11-2e21-4318-a08f-1590e1c1ae8b}">
        <relationship name="automationTracks">
            <destination>{8897b1bc-76e2-46e3-9c52-80b14f00e103}</destination>
        </relationship>
        <relationship name="modules">
            <destination>{adfccd5f-dcae-4aeb-a864-ce8b6fd97115}</destination>
        </relationship>
        <relationship name="mixerGroup">
            <destination>{fac9d945-d98c-46b4-9773-ab1786467921}</destination>
        </relationship>
    </object>
    <object class="GroupTrack" id="{3b201f0f-86f6-4797-96ce-92fc6619bbc6}">
        <relationship name="automationTracks">
            <destination>{a62749fa-7c42-4369-8e40-272407908c16}</destination>
        </relationship>
        <relationship name="modules">
            <destination>{52d2ddcb-789b-4499-8f2f-88596eaad36c}</destination>
        </relationship>
        <relationship name="mixerGroup">
            <destination>{555a3276-54df-4286-a2c1-44a55819f982}</destination>
        </relationship>
    </object>
    <object class="GroupTrack" id="{6b05a2f1-0985-4173-9e49-7c64e828d2f9}">
        <relationship name="automationTracks">
            <destination>{22379387-4141-4858-925a-e00b9ac31ad2}</destination>
        </relationship>
        <relationship name="modules">
            <destination>{c2187e40-a6ed-4a84-b270-8d1bd9109eb1}</destination>
        </relationship>
        <relationship name="mixerGroup">
            <destination>{ef5f47d6-ce33-4695-b3d8-23293d0d2bbf}</destination>
        </relationship>
    </object>
    <object class="Timeline" id="{b3ed9c68-d0dd-43f9-86f2-df0d73fea652}">
        <relationship name="modules">
            <destination>{dbd8b23f-32ab-491e-828c-9561ecf60fd6}</destination>
            <destination>{adfccd5f-dcae-4aeb-a864-ce8b6fd97115}</destination>
            <destination>{52d2ddcb-789b-4499-8f2f-88596eaad36c}</destination>
            <destination>{c2187e40-a6ed-4a84-b270-8d1bd9109eb1}</destination>
        </relationship>
        <relationship name="markers">
            <destination>{aed3ba56-1211-4511-8edc-2650dc763878}</destination>
            <destination>{b5c5d6c5-2f19-4e94-b69c-e5f7667b0c95}</destination>
            <destination>{281741a5-8e37-4d4b-a49d-d7c3e1e2e4c2}</destination>
            <destination>{2fad6063-9c5a-4cbb-946a-98bfb3775c51}</destination>
            <destination>{2cc4b09e-4794-4469-a58e-ab1ae4b6d8ee}</destination>
            <destination>{bbe8c13e-46d0-4c9c-be45-c3d90a6d30c6}</destination>
            <destination>{124a238b-f73a-4688-bc96-e8f2d5ce7347}</destination>
            <destination>{6a04c4e8-23ce-4d4f-b3b7-90b5dbe28878}</destination>
            <destination>{04ae8f62-4d92-4c5d-b1b1-602b35b673d9}</destination>
            <destination>{bd8a8ca2-2561-46e3-a93d-65fe93753c58}</destination>
            <destination>{7732ceea-195b-467c-afaa-d181e4bae0bd}</destination>
        </relationship>
    </object>
    <object class="GameParameter" id="{3b237aa2-1c49-4339-8e43-44c539ff6834}">
        <property name="name">
            <value>Amount</value>
        </property>
    </object>
    <object class="GameParameter" id="{70408dd7-5fb3-4558-95f7-869894cb94ca}">
        <property name="name">
            <value>Gender</value>
        </property>
        <property name="maximum">
            <value>2</value>
        </property>
        <relationship name="automationCurves">
            <destination>{b2c6345b-49be-4790-9fbd-3b68ceb82af1}</destination>
            <destination>{017e1651-053b-4660-aa18-b9b0dd6a7f55}</destination>
            <destination>{32c086ed-1662-4660-a9ab-d1f4d98f17bd}</destination>
            <destination>{4dcea0bd-4857-4d5d-9c96-cbf0870f3968}</destination>
        </relationship>
    </object>
    <object class="EventMixerMaster" id="{9421c760-67c6-49e4-a7cd-7492b9d24780}">
        <relationship name="effectChain">
            <destination>{82391cb8-55de-46af-b5f4-9d715c72fdfb}</destination>
        </relationship>
        <relationship name="panner">
            <destination>{50afa191-b65a-413c-9ce4-bff2aa622ac4}</destination>
        </relationship>
        <relationship name="mixer">
            <destination>{400ae57f-743a-44ad-9799-e6e2d5299e4f}</destination>
        </relationship>
    </object>
    <object class="MixerBusEffectChain" id="{4baa0385-0d95-4f51-a354-64c87ce7922f}">
        <relationship name="effects">
            <destination>{1118b7be-e93d-4f4c-86d0-052f17003c64}</destination>
        </relationship>
    </object>
    <object class="MixerBusPanner" id="{014d2a9f-467d-44f2-8a40-75b31a88f39b}"/>
    <object class="AutomationTrack" id="{1232bedc-27d5-4f8f-9864-2d025615f666}">
        <property name="nameOfPropertyBeingAutomated">
            <value>volume</value>
        </property>
        <relationship name="automationCurves">
            <destination>{b2c6345b-49be-4790-9fbd-3b68ceb82af1}</destination>
        </relationship>
        <relationship name="objectBeingAutomated">
            <destination>{dd7213df-f095-4fa0-986d-107ce5d58d71}</destination>
        </relationship>
    </object>
    <object class="SingleSound" id="{dbd8b23f-32ab-491e-828c-9561ecf60fd6}">
        <property name="length">
            <value>6.944</value>
        </property>
        <relationship name="audioFile">
            <destination>{1a094337-7c6a-43b9-8e66-b20a51f773c6}</destination>
        </relationship>
    </object>
    <object class="EventMixerGroup" id="{dd7213df-f095-4fa0-986d-107ce5d58d71}">
        <property name="name">
            <value>Audio 1</value>
        </property>
        <relationship name="effectChain">
            <destination>{1a2c3818-1b82-47dc-b591-d5ea589efd39}</destination>
        </relationship>
        <relationship name="panner">
            <destination>{f0fe016a-c216-4c57-917c-02d12e72402f}</destination>
        </relationship>
        <relationship name="output">
            <destination>{9421c760-67c6-49e4-a7cd-7492b9d24780}</destination>
        </relationship>
    </object>
    <object class="AutomationTrack" id="{8897b1bc-76e2-46e3-9c52-80b14f00e103}">
        <property name="nameOfPropertyBeingAutomated">
            <value>volume</value>
        </property>
        <relationship name="automationCurves">
            <destination>{017e1651-053b-4660-aa18-b9b0dd6a7f55}</destination>
        </relationship>
        <relationship name="objectBeingAutomated">
            <destination>{fac9d945-d98c-46b4-9773-ab1786467921}</destination>
        </relationship>
    </object>
    <object class="SingleSound" id="{adfccd5f-dcae-4aeb-a864-ce8b6fd97115}">
        <property name="start">
            <value>8</value>
        </property>
        <property name="length">
            <value>5.5573333333333332</value>
        </property>
        <relationship name="audioFile">
            <destination>{f789dcb5-dc3c-413a-8ac8-e64b0541455c}</destination>
        </relationship>
    </object>
    <object class="EventMixerGroup" id="{fac9d945-d98c-46b4-9773-ab1786467921}">
        <property name="name">
            <value>Audio 2</value>
        </property>
        <relationship name="effectChain">
            <destination>{eb6092df-fca2-48c4-8a11-38d98a30ae60}</destination>
        </relationship>
        <relationship name="panner">
            <destination>{774013e6-3820-414e-8588-d7a314fe679e}</destination>
        </relationship>
        <relationship name="output">
            <destination>{9421c760-67c6-49e4-a7cd-7492b9d24780}</destination>
        </relationship>
    </object>
    <object class="AutomationTrack" id="{a62749fa-7c42-4369-8e40-272407908c16}">
        <property name="nameOfPropertyBeingAutomated">
            <value>volume</value>
        </property>
        <relationship name="automationCurves">
            <destination>{32c086ed-1662-4660-a9ab-d1f4d98f17bd}</destination>
        </relationship>
        <relationship name="objectBeingAutomated">
            <destination>{555a3276-54df-4286-a2c1-44a55819f982}</destination>
        </relationship>
    </object>
    <object class="SingleSound" id="{52d2ddcb-789b-4499-8f2f-88596eaad36c}">
        <property name="length">
            <value>6.944</value>
        </property>
        <property name="timelockedOffset">
            <value>0.24103773584905661</value>
        </property>
        <relationship name="audioFile">
            <destination>{24ede25c-2200-4c77-9efe-d9f1564dd205}</destination>
        </relationship>
    </object>
    <object class="EventMixerGroup" id="{555a3276-54df-4286-a2c1-44a55819f982}">
        <property name="name">
            <value>Audio 1 (2)</value>
        </property>
        <relationship name="effectChain">
            <destination>{c8c5dc11-efff-4001-9381-65b87edd683f}</destination>
        </relationship>
        <relationship name="panner">
            <destination>{35aeaae0-da85-4f96-8ca2-f25700ed1d65}</destination>
        </relationship>
        <relationship name="output">
            <destination>{9421c760-67c6-49e4-a7cd-7492b9d24780}</destination>
        </relationship>
    </object>
    <object class="AutomationTrack" id="{22379387-4141-4858-925a-e00b9ac31ad2}">
        <property name="nameOfPropertyBeingAutomated">
            <value>volume</value>
        </property>
        <relationship name="automationCurves">
            <destination>{4dcea0bd-4857-4d5d-9c96-cbf0870f3968}</destination>
        </relationship>
        <relationship name="objectBeingAutomated">
            <destination>{ef5f47d6-ce33-4695-b3d8-23293d0d2bbf}</destination>
        </relationship>
    </object>
    <object class="SingleSound" id="{c2187e40-a6ed-4a84-b270-8d1bd9109eb1}">
        <property name="start">
            <value>8</value>
        </property>
        <property name="length">
            <value>5.5573333333333323</value>
        </property>
        <relationship name="audioFile">
            <destination>{6dee1e53-a236-454b-9e1f-ba23ab11de42}</destination>
        </relationship>
    </object>
    <object class="EventMixerGroup" id="{ef5f47d6-ce33-4695-b3d8-23293d0d2bbf}">
        <property name="name">
            <value>Audio 2 (2)</value>
        </property>
        <relationship name="effectChain">
            <destination>{7878bd85-cb58-4a37-985d-717b6ea65a98}</destination>
        </relationship>
        <relationship name="panner">
            <destination>{7e22edcd-2316-4338-af3f-c068543b17f7}</destination>
        </relationship>
        <relationship name="output">
            <destination>{9421c760-67c6-49e4-a7cd-7492b9d24780}</destination>
        </relationship>
    </object>
    <object class="LoopRegion" id="{aed3ba56-1211-4511-8edc-2650dc763878}">
        <property name="position">
            <value>0</value>
        </property>
        <property name="length">
            <value>6.944</value>
        </property>
        <relationship name="timeline">
            <destination>{b3ed9c68-d0dd-43f9-86f2-df0d73fea652}</destination>
        </relationship>
        <relationship name="markerTrack">
            <destination>{9d6abd95-4125-4f52-a86e-329bcf6feb6b}</destination>
        </relationship>
    </object>
    <object class="LoopRegion" id="{b5c5d6c5-2f19-4e94-b69c-e5f7667b0c95}">
        <property name="position">
            <value>8</value>
        </property>
        <property name="length">
            <value>5.5573333333333323</value>
        </property>
        <relationship name="timeline">
            <destination>{b3ed9c68-d0dd-43f9-86f2-df0d73fea652}</destination>
        </relationship>
        <relationship name="markerTrack">
            <destination>{9d6abd95-4125-4f52-a86e-329bcf6feb6b}</destination>
        </relationship>
    </object>
    <object class="TransitionRegion" id="{281741a5-8e37-4d4b-a49d-d7c3e1e2e4c2}">
        <property name="position">
            <value>0</value>
        </property>
        <property name="length">
            <value>6.944</value>
        </property>
        <property name="quantizationInterval">
            <value>5</value>
        </property>
        <relationship name="triggerConditions">
            <destination>{799fc1e5-9c00-4d47-9a73-c0f3d1c00300}</destination>
        </relationship>
        <relationship name="destination">
            <destination>{bbe8c13e-46d0-4c9c-be45-c3d90a6d30c6}</destination>
        </relationship>
        <relationship name="timeline">
            <destination>{b3ed9c68-d0dd-43f9-86f2-df0d73fea652}</destination>
        </relationship>
        <relationship name="markerTrack">
            <destination>{6e1bc194-645b-4992-ab79-c7342574c471}</destination>
        </relationship>
    </object>
    <object class="TransitionRegion" id="{2fad6063-9c5a-4cbb-946a-98bfb3775c51}">
        <property name="position">
            <value>8</value>
        </property>
        <property name="length">
            <value>5.5573333333333323</value>
        </property>
        <property name="quantizationInterval">
            <value>5</value>
        </property>
        <relationship name="triggerConditions">
            <destination>{97361b8e-c9ff-4aeb-baf0-1798f3f106fe}</destination>
        </relationship>
        <relationship name="destination">
            <destination>{124a238b-f73a-4688-bc96-e8f2d5ce7347}</destination>
        </relationship>
        <relationship name="timeline">
            <destination>{b3ed9c68-d0dd-43f9-86f2-df0d73fea652}</destination>
        </relationship>
        <relationship name="markerTrack">
            <destination>{6e1bc194-645b-4992-ab79-c7342574c471}</destination>
        </relationship>
    </object>
    <object class="NamedMarker" id="{2cc4b09e-4794-4469-a58e-ab1ae4b6d8ee}">
        <property name="position">
            <value>0</value>
        </property>
        <property name="name">
            <value>Dmg1</value>
        </property>
        <relationship name="timeline">
            <destination>{b3ed9c68-d0dd-43f9-86f2-df0d73fea652}</destination>
        </relationship>
        <relationship name="markerTrack">
            <destination>{f8008278-d9e8-4093-864f-7e635894753e}</destination>
        </relationship>
    </object>
    <object class="NamedMarker" id="{bbe8c13e-46d0-4c9c-be45-c3d90a6d30c6}">
        <property name="position">
            <value>8</value>
        </property>
        <property name="name">
            <value>Dmg2</value>
        </property>
        <relationship name="timeline">
            <destination>{b3ed9c68-d0dd-43f9-86f2-df0d73fea652}</destination>
        </relationship>
        <relationship name="markerTrack">
            <destination>{dec62a90-6c0a-4456-bfd3-477f68b05374}</destination>
        </relationship>
    </object>
    <object class="NamedMarker" id="{124a238b-f73a-4688-bc96-e8f2d5ce7347}">
        <property name="position">
            <value>14</value>
        </property>
        <property name="name">
            <value>Undamaged</value>
        </property>
        <relationship name="timeline">
            <destination>{b3ed9c68-d0dd-43f9-86f2-df0d73fea652}</destination>
        </relationship>
        <relationship name="markerTrack">
            <destination>{dec62a90-6c0a-4456-bfd3-477f68b05374}</destination>
        </relationship>
    </object>
    <object class="TransitionRegion" id="{6a04c4e8-23ce-4d4f-b3b7-90b5dbe28878}">
        <property name="position">
            <value>8</value>
        </property>
        <property name="length">
            <value>5.5573333333333323</value>
        </property>
        <relationship name="triggerConditions">
            <destination>{4973fa19-6c37-451c-995f-c76ea57b7108}</destination>
        </relationship>
        <relationship name="destination">
            <destination>{2cc4b09e-4794-4469-a58e-ab1ae4b6d8ee}</destination>
        </relationship>
        <relationship name="timeline">
            <destination>{b3ed9c68-d0dd-43f9-86f2-df0d73fea652}</destination>
        </relationship>
        <relationship name="markerTrack">
            <destination>{f8008278-d9e8-4093-864f-7e635894753e}</destination>
        </relationship>
    </object>
    <object class="LoopRegion" id="{04ae8f62-4d92-4c5d-b1b1-602b35b673d9}">
        <property name="position">
            <value>14</value>
        </property>
        <property name="length">
            <value>0.5</value>
        </property>
        <relationship name="timeline">
            <destination>{b3ed9c68-d0dd-43f9-86f2-df0d73fea652}</destination>
        </relationship>
        <relationship name="markerTrack">
            <destination>{9d6abd95-4125-4f52-a86e-329bcf6feb6b}</destination>
        </relationship>
    </object>
    <object class="TransitionRegion" id="{bd8a8ca2-2561-46e3-a93d-65fe93753c58}">
        <property name="position">
            <value>14</value>
        </property>
        <property name="length">
            <value>0.50000000000000089</value>
        </property>
        <property name="quantizationInterval">
            <value>5</value>
        </property>
        <relationship name="triggerConditions">
            <destination>{21488c12-5470-458f-9462-803e7abc0008}</destination>
        </relationship>
        <relationship name="destination">
            <destination>{bbe8c13e-46d0-4c9c-be45-c3d90a6d30c6}</destination>
        </relationship>
        <relationship name="timeline">
            <destination>{b3ed9c68-d0dd-43f9-86f2-df0d73fea652}</destination>
        </relationship>
        <relationship name="markerTrack">
            <destination>{6e1bc194-645b-4992-ab79-c7342574c471}</destination>
        </relationship>
    </object>
    <object class="TransitionRegion" id="{7732ceea-195b-467c-afaa-d181e4bae0bd}">
        <property name="position">
            <value>14</value>
        </property>
        <property name="length">
            <value>0.5</value>
        </property>
        <relationship name="triggerConditions">
            <destination>{82c3b412-7f4d-4a60-b6d1-34b10b21313a}</destination>
        </relationship>
        <relationship name="destination">
            <destination>{2cc4b09e-4794-4469-a58e-ab1ae4b6d8ee}</destination>
        </relationship>
        <relationship name="timeline">
            <destination>{b3ed9c68-d0dd-43f9-86f2-df0d73fea652}</destination>
        </relationship>
        <relationship name="markerTrack">
            <destination>{f8008278-d9e8-4093-864f-7e635894753e}</destination>
        </relationship>
    </object>
    <object class="AutomationCurve" id="{b2c6345b-49be-4790-9fbd-3b68ceb82af1}">
        <relationship name="automationPoints">
            <destination>{cb845205-13bb-44c6-9cb1-5c4b476dc2c8}</destination>
            <destination>{34c8a65a-67ec-4fd7-882b-3c52e9a57962}</destination>
        </relationship>
    </object>
    <object class="AutomationCurve" id="{017e1651-053b-4660-aa18-b9b0dd6a7f55}">
        <relationship name="automationPoints">
            <destination>{a6810c85-c23a-4cc1-95dc-023c0a2e79d3}</destination>
            <destination>{2a75f319-08f5-49ed-b01b-3de1d6e3c982}</destination>
        </relationship>
    </object>
    <object class="AutomationCurve" id="{32c086ed-1662-4660-a9ab-d1f4d98f17bd}">
        <relationship name="automationPoints">
            <destination>{756d5233-f886-4ffa-9c12-7a8d0c887f08}</destination>
            <destination>{25956b98-406c-4e62-ba54-319bddf49998}</destination>
        </relationship>
    </object>
    <object class="AutomationCurve" id="{4dcea0bd-4857-4d5d-9c96-cbf0870f3968}">
        <relationship name="automationPoints">
            <destination>{bed0d285-3239-4c0b-8d13-681ce4cb3f9f}</destination>
            <destination>{173a76a3-34f6-45f6-862b-37fbfbfeab98}</destination>
        </relationship>
    </object>
    <object class="MixerBusEffectChain" id="{82391cb8-55de-46af-b5f4-9d715c72fdfb}">
        <relationship name="effects">
            <destination>{51437ed5-3cf1-40f9-aeae-ee2cba2f37a2}</destination>
        </relationship>
    </object>
    <object class="MixerBusPanner" id="{50afa191-b65a-413c-9ce4-bff2aa622ac4}"/>
    <object class="MixerBusFader" id="{1118b7be-e93d-4f4c-86d0-052f17003c64}"/>
    <object class="MixerBusEffectChain" id="{1a2c3818-1b82-47dc-b591-d5ea589efd39}">
        <relationship name="effects">
            <destination>{f75aee8c-1671-4d7e-901a-bffaad54710a}</destination>
        </relationship>
    </object>
    <object class="MixerBusPanner" id="{f0fe016a-c216-4c57-917c-02d12e72402f}"/>
    <object class="MixerBusEffectChain" id="{eb6092df-fca2-48c4-8a11-38d98a30ae60}">
        <relationship name="effects">
            <destination>{1aa93bf7-49e2-4519-94ff-dd809d32d73d}</destination>
        </relationship>
    </object>
    <object class="MixerBusPanner" id="{774013e6-3820-414e-8588-d7a314fe679e}"/>
    <object class="MixerBusEffectChain" id="{c8c5dc11-efff-4001-9381-65b87edd683f}">
        <relationship name="effects">
            <destination>{c1446258-a8bd-40d6-b61c-c4763ac87179}</destination>
        </relationship>
    </object>
    <object class="MixerBusPanner" id="{35aeaae0-da85-4f96-8ca2-f25700ed1d65}"/>
    <object class="MixerBusEffectChain" id="{7878bd85-cb58-4a37-985d-717b6ea65a98}">
        <relationship name="effects">
            <destination>{89b4148b-5ae8-4ce7-8bb1-24cdf4bb48e9}</destination>
        </relationship>
    </object>
    <object class="MixerBusPanner" id="{7e22edcd-2316-4338-af3f-c068543b17f7}"/>
    <object class="ParameterCondition" id="{799fc1e5-9c00-4d47-9a73-c0f3d1c00300}">
        <property name="minimum">
            <value>0.34000003337860107</value>
        </property>
        <property name="maximum">
            <value>0.6600000262260437</value>
        </property>
        <relationship name="parameter">
            <destination>{3b237aa2-1c49-4339-8e43-44c539ff6834}</destination>
        </relationship>
    </object>
    <object class="ParameterCondition" id="{97361b8e-c9ff-4aeb-baf0-1798f3f106fe}">
        <property name="minimum">
            <value>0.67000007629394531</value>
        </property>
        <property name="maximum">
            <value>1</value>
        </property>
        <relationship name="parameter">
            <destination>{3b237aa2-1c49-4339-8e43-44c539ff6834}</destination>
        </relationship>
    </object>
    <object class="ParameterCondition" id="{4973fa19-6c37-451c-995f-c76ea57b7108}">
        <property name="minimum">
            <value>0</value>
        </property>
        <property name="maximum">
            <value>0.33000001311302185</value>
        </property>
        <relationship name="parameter">
            <destination>{3b237aa2-1c49-4339-8e43-44c539ff6834}</destination>
        </relationship>
    </object>
    <object class="ParameterCondition" id="{21488c12-5470-458f-9462-803e7abc0008}">
        <property name="minimum">
            <value>0.34000003337860107</value>
        </property>
        <property name="maximum">
            <value>0.6600000262260437</value>
        </property>
        <relationship name="parameter">
            <destination>{3b237aa2-1c49-4339-8e43-44c539ff6834}</destination>
        </relationship>
    </object>
    <object class="ParameterCondition" id="{82c3b412-7f4d-4a60-b6d1-34b10b21313a}">
        <property name="minimum">
            <value>0</value>
        </property>
        <property name="maximum">
            <value>0.33000001311302185</value>
        </property>
        <relationship name="parameter">
            <destination>{3b237aa2-1c49-4339-8e43-44c539ff6834}</destination>
        </relationship>
    </object>
    <object class="AutomationPoint" id="{cb845205-13bb-44c6-9cb1-5c4b476dc2c8}">
        <property name="position">
            <value>0.99920048878862466</value>
        </property>
        <property name="value">
            <value>-80</value>
        </property>
    </object>
    <object class="AutomationPoint" id="{34c8a65a-67ec-4fd7-882b-3c52e9a57962}">
        <property name="position">
            <value>0.9991796554552913</value>
        </property>
        <property name="value">
            <value>0</value>
        </property>
    </object>
    <object class="AutomationPoint" id="{a6810c85-c23a-4cc1-95dc-023c0a2e79d3}">
        <property name="position">
            <value>0.99922132212195802</value>
        </property>
        <property name="value">
            <value>-80</value>
        </property>
    </object>
    <object class="AutomationPoint" id="{2a75f319-08f5-49ed-b01b-3de1d6e3c982}">
        <property name="position">
            <value>0.99920048878862466</value>
        </property>
        <property name="value">
            <value>0</value>
        </property>
    </object>
    <object class="AutomationPoint" id="{756d5233-f886-4ffa-9c12-7a8d0c887f08}">
        <property name="position">
            <value>0.99753896636587369</value>
        </property>
        <property name="value">
            <value>0</value>
        </property>
    </object>
    <object class="AutomationPoint" id="{25956b98-406c-4e62-ba54-319bddf49998}">
        <property name="position">
            <value>0.99751813303254033</value>
        </property>
        <property name="value">
            <value>-80</value>
        </property>
    </object>
    <object class="AutomationPoint" id="{bed0d285-3239-4c0b-8d13-681ce4cb3f9f}">
        <property name="position">
            <value>1.0024402003007931</value>
        </property>
        <property name="value">
            <value>-80</value>
        </property>
    </object>
    <object class="AutomationPoint" id="{173a76a3-34f6-45f6-862b-37fbfbfeab98}">
        <property name="position">
            <value>1.0024610336341264</value>
        </property>
        <property name="value">
            <value>0</value>
        </property>
    </object>
    <object class="MixerBusFader" id="{51437ed5-3cf1-40f9-aeae-ee2cba2f37a2}"/>
    <object class="MixerBusFader" id="{f75aee8c-1671-4d7e-901a-bffaad54710a}"/>
    <object class="MixerBusFader" id="{1aa93bf7-49e2-4519-94ff-dd809d32d73d}"/>
    <object class="MixerBusFader" id="{c1446258-a8bd-40d6-b61c-c4763ac87179}"/>
    <object class="MixerBusFader" id="{89b4148b-5ae8-4ce7-8bb1-24cdf4bb48e9}"/>
</objects>
