<?xml version="1.0" encoding="UTF-8"?>
<objects serializationModel="Studio.01.09.00">
    <object class="Event" id="{c9d568e0-4a32-4f99-aca7-f567bc0db30f}">
        <property name="name">
            <value>BikeSpeed</value>
        </property>
        <property name="outputFormat">
            <value>2</value>
        </property>
        <relationship name="folder">
            <destination>{7c788fc6-a220-4ff9-bebc-bfdfd4051398}</destination>
        </relationship>
        <relationship name="mixer">
            <destination>{df95ed1a-c1d7-44ec-a84e-a79b640471d1}</destination>
        </relationship>
        <relationship name="masterTrack">
            <destination>{6700d38c-05b6-4689-b8d3-c18484fd8a67}</destination>
        </relationship>
        <relationship name="mixerInput">
            <destination>{b8f10333-57a4-45f0-ad61-8f71b3355e53}</destination>
        </relationship>
        <relationship name="automatableProperties">
            <destination>{e8f251a4-16d1-4ef7-9f98-4e09a0e97fef}</destination>
        </relationship>
        <relationship name="markerTracks">
            <destination>{b189ce7c-d52f-4be7-a1e8-9ba72b1b9967}</destination>
            <destination>{a557ea10-98a5-4bea-9c22-51bde0a71a0a}</destination>
            <destination>{8bb9744f-f33b-4ca7-8c0d-0ac4a05f78dc}</destination>
            <destination>{c9058f68-8ca6-46e8-a7fc-aaa0ba11f69f}</destination>
        </relationship>
        <relationship name="groupTracks">
            <destination>{547ae086-94b3-4812-a56c-420bdceac96c}</destination>
        </relationship>
        <relationship name="timeline">
            <destination>{9dca13f0-a0f7-47ac-a0b2-749fdf8126f9}</destination>
        </relationship>
        <relationship name="parameters">
            <destination>{4b461db0-28f6-41f4-8bca-6f4199c36702}</destination>
        </relationship>
        <relationship name="banks">
            <destination>{5f213240-fb41-42d3-a199-88b660df531a}</destination>
        </relationship>
    </object>
    <object class="EventMixer" id="{df95ed1a-c1d7-44ec-a84e-a79b640471d1}">
        <relationship name="masterBus">
            <destination>{51ada696-0dd3-4917-9600-14b9526b2290}</destination>
        </relationship>
    </object>
    <object class="MasterTrack" id="{6700d38c-05b6-4689-b8d3-c18484fd8a67}">
        <relationship name="mixerGroup">
            <destination>{51ada696-0dd3-4917-9600-14b9526b2290}</destination>
        </relationship>
    </object>
    <object class="MixerInput" id="{b8f10333-57a4-45f0-ad61-8f71b3355e53}">
        <relationship name="effectChain">
            <destination>{9d4adb42-a8e3-4180-a81f-a693174df231}</destination>
        </relationship>
        <relationship name="panner">
            <destination>{1786b0b1-b9bb-42de-9991-d7c024af8ce1}</destination>
        </relationship>
        <relationship name="output">
            <destination>{8c2076ba-8876-496f-a681-f0e731c776e0}</destination>
        </relationship>
    </object>
    <object class="EventAutomatableProperties" id="{e8f251a4-16d1-4ef7-9f98-4e09a0e97fef}"/>
    <object class="MarkerTrack" id="{b189ce7c-d52f-4be7-a1e8-9ba72b1b9967}"/>
    <object class="MarkerTrack" id="{a557ea10-98a5-4bea-9c22-51bde0a71a0a}"/>
    <object class="MarkerTrack" id="{8bb9744f-f33b-4ca7-8c0d-0ac4a05f78dc}"/>
    <object class="MarkerTrack" id="{c9058f68-8ca6-46e8-a7fc-aaa0ba11f69f}"/>
    <object class="GroupTrack" id="{547ae086-94b3-4812-a56c-420bdceac96c}">
        <relationship name="modules">
            <destination>{d56916ca-c7db-479c-9873-ea2647f1f57a}</destination>
            <destination>{e39f4b6b-98cf-454d-bdf9-b19eec5d0938}</destination>
            <destination>{d40f652d-4f38-4648-ba5b-b5662ba2885c}</destination>
        </relationship>
        <relationship name="mixerGroup">
            <destination>{3911b36d-e2ad-4e6b-8083-a8380d2070aa}</destination>
        </relationship>
    </object>
    <object class="Timeline" id="{9dca13f0-a0f7-47ac-a0b2-749fdf8126f9}">
        <relationship name="modules">
            <destination>{d56916ca-c7db-479c-9873-ea2647f1f57a}</destination>
            <destination>{e39f4b6b-98cf-454d-bdf9-b19eec5d0938}</destination>
            <destination>{d40f652d-4f38-4648-ba5b-b5662ba2885c}</destination>
        </relationship>
        <relationship name="markers">
            <destination>{4c7087d3-cba9-4b19-a860-2f4fc6a18f15}</destination>
            <destination>{f0ac149c-0d75-4565-8059-d423e3dec5b3}</destination>
            <destination>{c1c1a061-8a96-47b4-870f-bcfd2313f16f}</destination>
            <destination>{14c7798a-6a5b-45fe-be66-0ac7bbf67d86}</destination>
            <destination>{c7c46a52-d218-40d5-bc08-39b2626603f8}</destination>
            <destination>{7c570b3a-8c59-4744-8f63-488c53e6ba2c}</destination>
            <destination>{b6956839-647f-4767-8bd6-6175aa136991}</destination>
            <destination>{3a6b5ab4-8b0f-4a53-94ed-c56e45cff9bd}</destination>
            <destination>{7fb9d530-3740-4d6b-a713-efd904028806}</destination>
            <destination>{59b26103-4dd6-4c5a-9e0c-d904624a7663}</destination>
            <destination>{361f63be-3211-4ef9-b279-589650c2ac17}</destination>
            <destination>{5695addc-ffef-4df9-95c6-df418a7b9bf5}</destination>
        </relationship>
    </object>
    <object class="GameParameter" id="{4b461db0-28f6-41f4-8bca-6f4199c36702}">
        <property name="name">
            <value>speed</value>
        </property>
        <property name="maximum">
            <value>10</value>
        </property>
    </object>
    <object class="EventMixerMaster" id="{51ada696-0dd3-4917-9600-14b9526b2290}">
        <relationship name="effectChain">
            <destination>{a37b234a-c575-43a8-8835-35773578e052}</destination>
        </relationship>
        <relationship name="panner">
            <destination>{dd1f7472-c73e-422d-aaba-a7333e853b4f}</destination>
        </relationship>
        <relationship name="mixer">
            <destination>{df95ed1a-c1d7-44ec-a84e-a79b640471d1}</destination>
        </relationship>
    </object>
    <object class="MixerBusEffectChain" id="{9d4adb42-a8e3-4180-a81f-a693174df231}">
        <relationship name="effects">
            <destination>{fda9c7d0-6679-4460-9558-b99b8dc72a29}</destination>
        </relationship>
    </object>
    <object class="MixerBusPanner" id="{1786b0b1-b9bb-42de-9991-d7c024af8ce1}"/>
    <object class="SingleSound" id="{d56916ca-c7db-479c-9873-ea2647f1f57a}">
        <property name="length">
            <value>8.1998125000000002</value>
        </property>
        <relationship name="audioFile">
            <destination>{af8c4e34-d384-4d81-b7b7-bb5c21ef8668}</destination>
        </relationship>
    </object>
    <object class="SingleSound" id="{e39f4b6b-98cf-454d-bdf9-b19eec5d0938}">
        <property name="start">
            <value>8.5</value>
        </property>
        <property name="length">
            <value>3.3924166666666666</value>
        </property>
        <relationship name="audioFile">
            <destination>{7ca8cb53-87c1-468f-b85d-f718caa12d6a}</destination>
        </relationship>
    </object>
    <object class="SingleSound" id="{d40f652d-4f38-4648-ba5b-b5662ba2885c}">
        <property name="start">
            <value>12.5</value>
        </property>
        <property name="length">
            <value>4.7711458333333336</value>
        </property>
        <relationship name="audioFile">
            <destination>{cc793d92-1aaf-4fb6-ab38-21ef2e7d89e7}</destination>
        </relationship>
    </object>
    <object class="EventMixerGroup" id="{3911b36d-e2ad-4e6b-8083-a8380d2070aa}">
        <property name="name">
            <value>Audio 1</value>
        </property>
        <relationship name="effectChain">
            <destination>{e650d69f-4d94-4c1e-954e-aa17ee600b24}</destination>
        </relationship>
        <relationship name="panner">
            <destination>{0fd56cb5-de49-4c80-a5f7-b029673f54df}</destination>
        </relationship>
        <relationship name="output">
            <destination>{51ada696-0dd3-4917-9600-14b9526b2290}</destination>
        </relationship>
    </object>
    <object class="LoopRegion" id="{4c7087d3-cba9-4b19-a860-2f4fc6a18f15}">
        <property name="position">
            <value>0</value>
        </property>
        <property name="length">
            <value>8.1998125000000002</value>
        </property>
        <relationship name="timeline">
            <destination>{9dca13f0-a0f7-47ac-a0b2-749fdf8126f9}</destination>
        </relationship>
        <relationship name="markerTrack">
            <destination>{b189ce7c-d52f-4be7-a1e8-9ba72b1b9967}</destination>
        </relationship>
    </object>
    <object class="LoopRegion" id="{f0ac149c-0d75-4565-8059-d423e3dec5b3}">
        <property name="position">
            <value>8.5</value>
        </property>
        <property name="length">
            <value>3.3924166666666657</value>
        </property>
        <relationship name="timeline">
            <destination>{9dca13f0-a0f7-47ac-a0b2-749fdf8126f9}</destination>
        </relationship>
        <relationship name="markerTrack">
            <destination>{b189ce7c-d52f-4be7-a1e8-9ba72b1b9967}</destination>
        </relationship>
    </object>
    <object class="LoopRegion" id="{c1c1a061-8a96-47b4-870f-bcfd2313f16f}">
        <property name="position">
            <value>12.5</value>
        </property>
        <property name="length">
            <value>4.7711458333333354</value>
        </property>
        <relationship name="timeline">
            <destination>{9dca13f0-a0f7-47ac-a0b2-749fdf8126f9}</destination>
        </relationship>
        <relationship name="markerTrack">
            <destination>{b189ce7c-d52f-4be7-a1e8-9ba72b1b9967}</destination>
        </relationship>
    </object>
    <object class="TransitionRegion" id="{14c7798a-6a5b-45fe-be66-0ac7bbf67d86}">
        <property name="position">
            <value>0</value>
        </property>
        <property name="length">
            <value>8.1998125000000002</value>
        </property>
        <property name="quantizationInterval">
            <value>5</value>
        </property>
        <relationship name="timeline">
            <destination>{9dca13f0-a0f7-47ac-a0b2-749fdf8126f9}</destination>
        </relationship>
        <relationship name="markerTrack">
            <destination>{a557ea10-98a5-4bea-9c22-51bde0a71a0a}</destination>
        </relationship>
        <relationship name="destination">
            <destination>{3a6b5ab4-8b0f-4a53-94ed-c56e45cff9bd}</destination>
        </relationship>
        <relationship name="triggerConditions">
            <destination>{803d968c-8003-4df6-ae9c-8aac85a404ad}</destination>
        </relationship>
    </object>
    <object class="TransitionRegion" id="{c7c46a52-d218-40d5-bc08-39b2626603f8}">
        <property name="position">
            <value>8.5</value>
        </property>
        <property name="length">
            <value>3.3924166666666657</value>
        </property>
        <property name="quantizationInterval">
            <value>5</value>
        </property>
        <relationship name="timeline">
            <destination>{9dca13f0-a0f7-47ac-a0b2-749fdf8126f9}</destination>
        </relationship>
        <relationship name="markerTrack">
            <destination>{a557ea10-98a5-4bea-9c22-51bde0a71a0a}</destination>
        </relationship>
        <relationship name="destination">
            <destination>{7fb9d530-3740-4d6b-a713-efd904028806}</destination>
        </relationship>
        <relationship name="triggerConditions">
            <destination>{1fafdaac-7479-4a40-a5d1-2b0c6eff8699}</destination>
        </relationship>
    </object>
    <object class="TransitionRegion" id="{7c570b3a-8c59-4744-8f63-488c53e6ba2c}">
        <property name="position">
            <value>12.5</value>
        </property>
        <property name="length">
            <value>4.7711458333333354</value>
        </property>
        <property name="quantizationInterval">
            <value>5</value>
        </property>
        <relationship name="timeline">
            <destination>{9dca13f0-a0f7-47ac-a0b2-749fdf8126f9}</destination>
        </relationship>
        <relationship name="markerTrack">
            <destination>{a557ea10-98a5-4bea-9c22-51bde0a71a0a}</destination>
        </relationship>
        <relationship name="destination">
            <destination>{b6956839-647f-4767-8bd6-6175aa136991}</destination>
        </relationship>
        <relationship name="triggerConditions">
            <destination>{4e2a6bc5-73c7-409d-a9d7-e92e39367986}</destination>
        </relationship>
    </object>
    <object class="NamedMarker" id="{b6956839-647f-4767-8bd6-6175aa136991}">
        <property name="position">
            <value>0</value>
        </property>
        <property name="name">
            <value>Slow</value>
        </property>
        <relationship name="timeline">
            <destination>{9dca13f0-a0f7-47ac-a0b2-749fdf8126f9}</destination>
        </relationship>
        <relationship name="markerTrack">
            <destination>{c9058f68-8ca6-46e8-a7fc-aaa0ba11f69f}</destination>
        </relationship>
    </object>
    <object class="NamedMarker" id="{3a6b5ab4-8b0f-4a53-94ed-c56e45cff9bd}">
        <property name="position">
            <value>8.5</value>
        </property>
        <property name="name">
            <value>Normal</value>
        </property>
        <relationship name="timeline">
            <destination>{9dca13f0-a0f7-47ac-a0b2-749fdf8126f9}</destination>
        </relationship>
        <relationship name="markerTrack">
            <destination>{c9058f68-8ca6-46e8-a7fc-aaa0ba11f69f}</destination>
        </relationship>
    </object>
    <object class="NamedMarker" id="{7fb9d530-3740-4d6b-a713-efd904028806}">
        <property name="position">
            <value>12.5</value>
        </property>
        <property name="name">
            <value>Fast</value>
        </property>
        <relationship name="timeline">
            <destination>{9dca13f0-a0f7-47ac-a0b2-749fdf8126f9}</destination>
        </relationship>
        <relationship name="markerTrack">
            <destination>{c9058f68-8ca6-46e8-a7fc-aaa0ba11f69f}</destination>
        </relationship>
    </object>
    <object class="TransitionRegion" id="{59b26103-4dd6-4c5a-9e0c-d904624a7663}">
        <property name="position">
            <value>12.5</value>
        </property>
        <property name="length">
            <value>4.7711458333333354</value>
        </property>
        <property name="quantizationInterval">
            <value>5</value>
        </property>
        <relationship name="timeline">
            <destination>{9dca13f0-a0f7-47ac-a0b2-749fdf8126f9}</destination>
        </relationship>
        <relationship name="markerTrack">
            <destination>{8bb9744f-f33b-4ca7-8c0d-0ac4a05f78dc}</destination>
        </relationship>
        <relationship name="destination">
            <destination>{3a6b5ab4-8b0f-4a53-94ed-c56e45cff9bd}</destination>
        </relationship>
        <relationship name="triggerConditions">
            <destination>{1b1ce6f1-5a6e-403a-a4b1-9f542db0fc3d}</destination>
        </relationship>
    </object>
    <object class="TransitionRegion" id="{361f63be-3211-4ef9-b279-589650c2ac17}">
        <property name="position">
            <value>8.5</value>
        </property>
        <property name="length">
            <value>3.3924166666666657</value>
        </property>
        <property name="quantizationInterval">
            <value>5</value>
        </property>
        <relationship name="timeline">
            <destination>{9dca13f0-a0f7-47ac-a0b2-749fdf8126f9}</destination>
        </relationship>
        <relationship name="markerTrack">
            <destination>{8bb9744f-f33b-4ca7-8c0d-0ac4a05f78dc}</destination>
        </relationship>
        <relationship name="destination">
            <destination>{b6956839-647f-4767-8bd6-6175aa136991}</destination>
        </relationship>
        <relationship name="triggerConditions">
            <destination>{e3f5d47c-006a-478b-b9fe-883cd8cc6f16}</destination>
        </relationship>
    </object>
    <object class="TransitionRegion" id="{5695addc-ffef-4df9-95c6-df418a7b9bf5}">
        <property name="position">
            <value>0</value>
        </property>
        <property name="length">
            <value>8.1998125000000002</value>
        </property>
        <property name="quantizationInterval">
            <value>5</value>
        </property>
        <relationship name="timeline">
            <destination>{9dca13f0-a0f7-47ac-a0b2-749fdf8126f9}</destination>
        </relationship>
        <relationship name="markerTrack">
            <destination>{8bb9744f-f33b-4ca7-8c0d-0ac4a05f78dc}</destination>
        </relationship>
        <relationship name="destination">
            <destination>{7fb9d530-3740-4d6b-a713-efd904028806}</destination>
        </relationship>
        <relationship name="triggerConditions">
            <destination>{ed4ded08-b5dd-4aa0-8a30-19c99e4e0222}</destination>
        </relationship>
    </object>
    <object class="MixerBusEffectChain" id="{a37b234a-c575-43a8-8835-35773578e052}">
        <relationship name="effects">
            <destination>{c40a8dbc-04bc-4f4d-91c5-8a3784ff4620}</destination>
            <destination>{e0db02d7-61c8-4ae6-9dc0-3ce3802b40b0}</destination>
        </relationship>
    </object>
    <object class="MixerBusPanner" id="{dd1f7472-c73e-422d-aaba-a7333e853b4f}"/>
    <object class="MixerBusFader" id="{fda9c7d0-6679-4460-9558-b99b8dc72a29}"/>
    <object class="MixerBusEffectChain" id="{e650d69f-4d94-4c1e-954e-aa17ee600b24}">
        <relationship name="effects">
            <destination>{cd81238c-9cd2-4c68-bd16-3c764f7c890d}</destination>
        </relationship>
    </object>
    <object class="MixerBusPanner" id="{0fd56cb5-de49-4c80-a5f7-b029673f54df}"/>
    <object class="ParameterCondition" id="{803d968c-8003-4df6-ae9c-8aac85a404ad}">
        <property name="minimum">
            <value>2.9999997615814209</value>
        </property>
        <property name="maximum">
            <value>6.4999995231628418</value>
        </property>
        <relationship name="parameter">
            <destination>{4b461db0-28f6-41f4-8bca-6f4199c36702}</destination>
        </relationship>
    </object>
    <object class="ParameterCondition" id="{1fafdaac-7479-4a40-a5d1-2b0c6eff8699}">
        <property name="minimum">
            <value>6.5999994277954102</value>
        </property>
        <property name="maximum">
            <value>10</value>
        </property>
        <relationship name="parameter">
            <destination>{4b461db0-28f6-41f4-8bca-6f4199c36702}</destination>
        </relationship>
    </object>
    <object class="ParameterCondition" id="{4e2a6bc5-73c7-409d-a9d7-e92e39367986}">
        <property name="minimum">
            <value>0</value>
        </property>
        <property name="maximum">
            <value>2.8999998569488525</value>
        </property>
        <relationship name="parameter">
            <destination>{4b461db0-28f6-41f4-8bca-6f4199c36702}</destination>
        </relationship>
    </object>
    <object class="ParameterCondition" id="{1b1ce6f1-5a6e-403a-a4b1-9f542db0fc3d}">
        <property name="minimum">
            <value>2.9999997615814209</value>
        </property>
        <property name="maximum">
            <value>6.4999995231628418</value>
        </property>
        <relationship name="parameter">
            <destination>{4b461db0-28f6-41f4-8bca-6f4199c36702}</destination>
        </relationship>
    </object>
    <object class="ParameterCondition" id="{e3f5d47c-006a-478b-b9fe-883cd8cc6f16}">
        <property name="minimum">
            <value>0</value>
        </property>
        <property name="maximum">
            <value>2.8999998569488525</value>
        </property>
        <relationship name="parameter">
            <destination>{4b461db0-28f6-41f4-8bca-6f4199c36702}</destination>
        </relationship>
    </object>
    <object class="ParameterCondition" id="{ed4ded08-b5dd-4aa0-8a30-19c99e4e0222}">
        <property name="minimum">
            <value>6.5999994277954102</value>
        </property>
        <property name="maximum">
            <value>10</value>
        </property>
        <relationship name="parameter">
            <destination>{4b461db0-28f6-41f4-8bca-6f4199c36702}</destination>
        </relationship>
    </object>
    <object class="MixerBusFader" id="{c40a8dbc-04bc-4f4d-91c5-8a3784ff4620}"/>
    <object class="SpatialiserEffect" id="{e0db02d7-61c8-4ae6-9dc0-3ce3802b40b0}"/>
    <object class="MixerBusFader" id="{cd81238c-9cd2-4c68-bd16-3c764f7c890d}"/>
</objects>
